{
    "__comment": "Made with TheDestruc7i0n's advancements generator: https://advancements.thedestruc7i0n.ca",
    "display": {
        "title": {
            "text": "You're a wizard...",
            "color": "white"
        },
        "description": {
            "text": "Use enchanting table",
            "color": "green"
        },
        "icon": {
            "item": "minecraft:enchanting_table"
        },
        "frame": "challenge",
        "show_toast": true,
        "announce_to_chat": true,
        "hidden": false
    },
    "criteria": {
        "encahnt": {
            "trigger": "minecraft:enchanted_item",
            "conditions": {
                "levels": {
                    "min": 0,
                    "max": 30
                }
            }
        }
    },
    "parent": "oneblock:shelf"
}