{
    "__comment": "Made with TheDestruc7i0n's advancements generator: https://advancements.thedestruc7i0n.ca",
    "display": {
        "title": {
            "text": "Leaves between sky and void",
            "color": "white"
        },
        "description": {
            "text": "Collect all the saplings",
            "color": "green"
        },
        "icon": {
            "item": "minecraft:spruce_sapling"
        },
        "frame": "challenge",
        "show_toast": true,
        "announce_to_chat": true,
        "hidden": false
    },
    "criteria": {
        "saplings": {
            "trigger": "minecraft:inventory_changed",
            "conditions": {
                "items": [
                    {
                        "item": "minecraft:oak_sapling",
                        "count": {
                            "min": 1,
                            "max": 64
                        }
                    },
                    {
                        "item": "minecraft:spruce_sapling",
                        "count": {
                            "min": 1,
                            "max": 64
                        }
                    },
                    {
                        "item": "minecraft:birch_sapling",
                        "count": {
                            "min": 1,
                            "max": 64
                        }
                    },
                    {
                        "item": "minecraft:jungle_sapling",
                        "count": {
                            "min": 1,
                            "max": 64
                        }
                    },
                    {
                        "item": "minecraft:acacia_sapling",
                        "count": {
                            "min": 1,
                            "max": 64
                        }
                    },
                    {
                        "item": "minecraft:dark_oak_sapling",
                        "count": {
                            "min": 1,
                            "max": 64
                        }
                    }
                ]
            }
        }
    },
    "parent": "oneblock:sapling"
}