{
    "__comment": "Made with TheDestruc7i0n's advancements generator: https://advancements.thedestruc7i0n.ca",
    "display": {
        "title": {
            "text": "Chunk by chunk",
            "color": "red"
        },
        "description": {
            "text": "Place 1000 dirt blocks",
            "color": "green"
        },
        "icon": {
            "item": "minecraft:dirt"
        },
        "frame": "goal",
        "show_toast": true,
        "announce_to_chat": true,
        "hidden": false
    },
    "criteria": {
        "dirt": {
            "trigger": "minecraft:impossible"
        }
    },
    "parent": "oneblock_p:sign"
}