{
    "__comment": "Made with TheDestruc7i0n's advancements generator: https://advancements.thedestruc7i0n.ca",
    "display": {
        "title": {
            "text": "Happy New Year",
            "color": "red"
        },
        "description": {
            "text": "Craft 300 rockets!",
            "color": "green"
        },
        "icon": {
            "item": "minecraft:firework_rocket"
        },
        "frame": "task",
        "show_toast": true,
        "announce_to_chat": true,
        "hidden": false
    },
    "criteria": {
        "rocket": {
            "trigger": "minecraft:impossible"
        }
    },
    "parent": "oneblock_p:number"
}